aluno,disciplina,count
1,2,1
2,1,1
3,4,1
4,2,1
4,5,1
5,2,1
5,4,1
6,4,1
7,2,1
8,4,1
9,3,1
9,5,1
10,4,1
11,5,1
12,4,1
13,4,1
14,2,1
15,5,1
16,5,1
17,4,1
17,5,1
17,5,1
18,2,1
18,2,1
18,4,1
18,5,1
19,3,1
20,4,1
21,2,1
21,2,1
21,5,1
21,5,1
22,2,1
22,2,1
22,5,1
23,1,1
23,2,1
23,2,1
23,4,1
23,5,1
24,2,1
25,3,1
26,2,1
26,2,1
26,4,1
27,2,1
27,2,1
27,4,1
27,5,1
27,5,1
28,2,1
29,4,1
30,1,1
30,1,1
30,2,1
31,4,1
32,4,1
33,4,1
33,4,1
34,2,1
35,2,1
35,4,1
36,2,1
36,2,1
36,2,1
36,2,1
36,2,1
36,2,1
36,5,1
37,2,1
37,4,1
37,5,1
38,4,1
39,2,1
39,2,1
39,3,1
39,3,1
39,5,1
40,2,1
40,5,1
41,2,1
41,4,1
41,5,1
42,2,1
42,2,1
42,2,1
43,2,1
43,4,1
44,2,1
44,3,1
44,3,1
44,4,1
45,4,1
46,2,1
46,2,1
46,2,1
46,4,1
46,5,1
46,5,1
47,2,1
47,2,1
47,4,1
47,5,1
48,2,1
48,4,1
49,2,1
50,4,1
51,2,1
52,2,1
52,3,1
52,3,1
52,5,1
52,5,1
53,2,1
53,4,1
53,4,1
53,5,1
54,4,1
55,2,1
56,2,1
56,4,1
57,2,1
57,3,1
57,3,1
57,5,1
58,1,1
58,2,1
58,5,1
59,2,1
60,2,1
61,5,1
62,2,1
63,2,1
64,2,1
65,3,1
66,1,1
66,2,1
66,3,1
66,4,1
66,5,1
67,2,1
67,4,1
68,2,1
68,4,1
69,2,1
69,2,1
69,2,1
69,5,1
69,5,1
70,2,1
70,2,1
70,2,1
71,2,1
71,2,1
71,5,1
72,4,1
73,2,1
74,3,1
75,2,1
75,2,1
75,2,1
75,2,1
75,2,1
75,4,1
76,2,1
76,2,1
76,2,1
77,2,1
77,4,1
78,4,1
78,5,1
79,1,1
80,2,1
80,2,1
80,4,1
80,5,1
81,1,1
82,2,1
82,2,1
82,2,1
82,4,1
82,5,1
82,5,1
83,2,1
83,5,1
83,5,1
84,2,1
84,2,1
84,2,1
84,2,1
84,2,1
84,2,1
84,2,1
84,4,1
84,4,1
84,4,1
84,4,1
84,5,1
85,1,1
85,2,1
85,2,1
85,2,1
85,3,1
85,3,1
85,4,1
85,4,1
85,5,1
85,5,1
86,2,1
86,2,1
86,4,1
86,5,1
87,2,1
87,2,1
87,5,1
88,2,1
88,2,1
88,2,1
88,2,1
88,5,1
88,5,1
89,2,1
89,2,1
89,2,1
90,2,1
90,2,1
90,2,1
90,4,1
90,4,1
91,2,1
91,2,1
92,2,1
92,2,1
92,2,1
92,5,1
92,5,1
93,1,1
93,3,1
94,2,1
95,2,1
95,2,1
95,2,1
95,2,1
96,1,1
96,2,1
96,3,1
96,4,1
96,5,1
97,2,1
97,2,1
98,2,1
98,2,1
98,4,1
98,4,1
98,5,1
99,2,1
99,2,1
99,4,1
100,2,1
100,5,1
101,2,1
101,2,1
101,4,1
101,5,1
101,5,1
102,2,1
102,2,1
103,2,1
103,4,1
104,2,1
104,2,1
104,2,1
104,5,1
104,5,1
105,1,1
105,2,1
105,4,1
105,5,1
106,2,1
106,4,1
106,5,1
107,2,1
107,5,1
108,2,1
108,2,1
108,2,1
108,4,1
108,5,1
109,1,1
109,2,1
109,2,1
109,3,1
109,4,1
109,5,1
109,5,1
110,1,1
110,2,1
110,3,1
110,4,1
110,4,1
110,5,1
111,1,1
111,2,1
111,3,1
111,4,1
111,5,1
112,1,1
112,2,1
112,3,1
112,4,1
112,5,1
113,1,1
113,2,1
113,3,1
113,4,1
113,5,1
114,1,1
114,2,1
114,2,1
114,3,1
114,4,1
114,4,1
114,5,1
115,1,1
115,2,1
115,3,1
115,4,1
115,5,1
116,1,1
116,2,1
116,2,1
116,3,1
116,4,1
116,5,1
116,5,1
117,1,1
117,2,1
117,2,1
117,3,1
117,4,1
117,5,1
118,1,1
118,2,1
118,2,1
118,2,1
118,3,1
118,3,1
118,4,1
118,4,1
118,5,1
118,5,1
119,1,1
119,2,1
119,2,1
119,3,1
119,4,1
119,5,1
120,1,1
120,2,1
120,3,1
120,4,1
120,5,1
121,1,1
121,2,1
121,3,1
121,4,1
121,4,1
121,5,1
122,1,1
122,2,1
122,3,1
122,4,1
122,5,1
123,1,1
123,2,1
123,3,1
123,4,1
123,5,1
124,1,1
124,2,1
124,2,1
124,3,1
124,4,1
124,5,1
125,1,1
125,2,1
125,3,1
125,4,1
125,5,1
126,1,1
126,2,1
126,3,1
126,4,1
126,5,1
127,1,1
127,2,1
127,2,1
127,3,1
127,4,1
127,5,1
128,1,1
128,2,1
128,2,1
128,3,1
128,4,1
128,5,1
129,1,1
129,2,1
129,2,1
129,3,1
129,4,1
129,5,1
130,1,1
130,2,1
130,3,1
130,4,1
130,5,1
131,1,1
131,2,1
131,2,1
131,2,1
131,3,1
131,4,1
131,5,1
132,1,1
132,1,1
132,2,1
132,3,1
132,3,1
132,4,1
132,4,1
132,5,1
132,5,1
133,1,1
133,2,1
133,3,1
133,4,1
133,4,1
133,5,1
134,1,1
134,2,1
134,3,1
134,3,1
134,4,1
134,5,1
135,1,1
135,2,1
135,3,1
135,4,1
135,5,1
136,1,1
136,2,1
136,3,1
136,4,1
136,4,1
136,5,1
137,1,1
137,1,1
137,2,1
137,2,1
137,3,1
137,4,1
137,5,1
137,5,1
137,5,1
138,1,1
138,2,1
138,2,1
138,3,1
138,4,1
138,5,1
138,5,1
139,1,1
139,2,1
139,3,1
139,4,1
139,5,1
140,1,1
140,2,1
140,3,1
140,4,1
140,5,1
141,1,1
141,2,1
141,3,1
141,4,1
141,4,1
141,5,1
142,1,1
142,2,1
142,3,1
142,4,1
142,5,1
143,1,1
143,2,1
143,2,1
143,2,1
143,3,1
143,4,1
143,4,1
143,4,1
143,5,1
143,5,1
144,1,1
144,2,1
144,3,1
144,4,1
144,5,1
145,1,1
145,2,1
145,3,1
145,4,1
145,5,1
146,1,1
146,2,1
146,2,1
146,2,1
146,3,1
146,4,1
146,4,1
146,5,1
146,5,1
147,1,1
147,2,1
147,2,1
147,2,1
147,3,1
147,4,1
147,5,1
147,5,1
148,1,1
148,2,1
148,2,1
148,2,1
148,3,1
148,4,1
148,5,1
149,1,1
149,2,1
149,2,1
149,3,1
149,4,1
149,5,1
150,1,1
150,2,1
150,3,1
150,4,1
150,5,1
151,1,1
151,2,1
151,2,1
151,2,1
151,2,1
151,3,1
151,4,1
151,5,1
151,5,1
152,1,1
152,2,1
152,2,1
152,3,1
152,4,1
152,5,1
153,1,1
153,2,1
153,2,1
153,3,1
153,4,1
153,4,1
153,4,1
153,5,1
153,5,1
154,1,1
154,2,1
154,2,1
154,2,1
154,3,1
154,4,1
154,4,1
154,5,1
154,5,1
155,1,1
155,2,1
155,2,1
155,3,1
155,4,1
155,5,1
155,5,1
156,1,1
156,2,1
156,3,1
156,4,1
156,5,1
157,1,1
157,2,1
157,3,1
157,4,1
157,4,1
157,5,1
158,1,1
158,2,1
158,2,1
158,2,1
158,3,1
158,3,1
158,4,1
158,5,1
158,5,1
159,1,1
159,2,1
159,2,1
159,3,1
159,4,1
159,5,1
160,1,1
160,2,1
160,2,1
160,2,1
160,2,1
160,2,1
160,3,1
160,3,1
160,3,1
160,4,1
160,4,1
160,5,1
160,5,1
160,5,1
160,5,1
161,1,1
161,2,1
161,3,1
161,4,1
161,5,1
162,1,1
162,2,1
162,2,1
162,3,1
162,4,1
162,5,1
162,5,1
163,1,1
163,2,1
163,2,1
163,2,1
163,2,1
163,3,1
163,4,1
163,4,1
163,5,1
164,1,1
164,2,1
164,3,1
164,4,1
164,5,1
165,1,1
165,2,1
165,2,1
165,3,1
165,4,1
165,4,1
165,5,1
166,1,1
166,2,1
166,2,1
166,2,1
166,2,1
166,3,1
166,3,1
166,3,1
166,3,1
166,4,1
166,5,1
166,5,1
166,5,1
167,1,1
167,2,1
167,2,1
167,2,1
167,2,1
167,2,1
167,2,1
167,2,1
167,3,1
167,3,1
167,3,1
167,3,1
167,4,1
167,4,1
167,4,1
167,5,1
167,5,1
167,5,1
167,5,1
167,5,1
168,1,1
168,2,1
168,2,1
168,2,1
168,2,1
168,3,1
168,3,1
168,4,1
168,4,1
168,5,1
168,5,1
168,5,1
169,1,1
169,2,1
169,3,1
169,4,1
169,5,1
170,1,1
170,2,1
170,3,1
170,4,1
170,5,1
171,1,1
171,2,1
171,2,1
171,2,1
171,3,1
171,4,1
171,4,1
171,5,1
171,5,1
172,1,1
172,2,1
172,3,1
172,4,1
172,5,1
173,1,1
173,2,1
173,2,1
173,3,1
173,4,1
173,4,1
173,5,1
174,1,1
174,2,1
174,2,1
174,3,1
174,4,1
174,5,1
174,5,1
175,1,1
175,2,1
175,2,1
175,3,1
175,4,1
175,4,1
175,5,1
176,1,1
176,2,1
176,3,1
176,5,1
177,1,1
177,2,1
177,3,1
177,4,1
177,5,1
178,1,1
178,2,1
178,2,1
178,3,1
178,4,1
178,5,1
179,1,1
179,2,1
179,2,1
179,3,1
179,4,1
179,5,1
180,1,1
180,2,1
180,4,1
180,5,1
181,1,1
181,2,1
181,3,1
181,4,1
181,5,1
182,1,1
182,2,1
182,2,1
182,3,1
182,3,1
182,4,1
182,5,1
182,5,1
182,5,1
183,2,1
183,3,1
183,5,1
184,1,1
184,2,1
184,2,1
184,2,1
184,3,1
184,5,1
184,5,1
185,1,1
185,1,1
185,2,1
185,3,1
185,4,1
185,5,1
186,1,1
186,2,1
186,3,1
186,5,1
187,2,1
187,3,1
187,4,1
187,5,1
188,1,1
188,1,1
188,1,1
188,1,1
188,1,1
188,2,1
188,3,1
188,4,1
188,4,1
188,5,1
189,2,1
189,5,1
189,5,1
190,1,1
190,2,1
190,3,1
190,4,1
190,5,1
190,5,1
191,1,1
191,2,1
191,3,1
191,4,1
191,5,1
192,1,1
192,2,1
192,2,1
192,3,1
192,4,1
192,4,1
192,4,1
192,5,1
192,5,1
193,1,1
193,1,1
193,2,1
193,2,1
193,2,1
193,3,1
193,3,1
193,3,1
193,3,1
193,4,1
193,5,1
193,5,1
193,5,1
194,1,1
194,2,1
194,2,1
194,3,1
194,4,1
194,5,1
194,5,1
195,1,1
195,2,1
195,3,1
195,4,1
195,5,1
196,1,1
196,1,1
196,2,1
196,2,1
196,2,1
196,3,1
196,4,1
196,4,1
196,5,1
196,5,1
196,5,1
197,1,1
197,2,1
197,3,1
197,4,1
197,5,1
198,1,1
198,2,1
198,2,1
198,3,1
198,4,1
198,5,1
198,5,1
199,1,1
199,2,1
199,3,1
199,4,1
199,5,1
200,1,1
200,2,1
200,2,1
200,3,1
200,4,1
200,4,1
200,5,1
200,5,1
201,1,1
201,2,1
201,3,1
201,4,1
201,5,1
202,1,1
202,2,1
202,2,1
202,2,1
202,3,1
202,3,1
202,4,1
202,4,1
202,5,1
202,5,1
203,1,1
203,2,1
203,3,1
203,4,1
203,5,1
204,1,1
204,2,1
204,3,1
204,4,1
204,4,1
204,5,1
204,5,1
205,1,1
205,2,1
205,3,1
205,4,1
205,5,1
206,1,1
206,2,1
206,2,1
206,3,1
206,4,1
206,4,1
206,4,1
206,5,1
206,5,1
207,1,1
207,2,1
207,2,1
207,2,1
207,2,1
207,3,1
207,4,1
207,5,1
207,5,1
207,5,1
208,1,1
208,2,1
208,3,1
208,4,1
208,5,1
209,1,1
209,2,1
209,3,1
209,4,1
209,5,1
210,1,1
210,2,1
210,3,1
210,4,1
210,5,1
211,1,1
211,2,1
211,2,1
211,3,1
211,4,1
211,4,1
211,5,1
211,5,1
212,1,1
212,2,1
212,3,1
212,4,1
212,5,1
213,1,1
213,2,1
213,3,1
213,4,1
213,5,1
214,1,1
214,2,1
214,3,1
214,4,1
214,5,1
215,1,1
215,2,1
215,3,1
215,4,1
215,5,1
216,1,1
216,2,1
216,3,1
216,4,1
216,5,1
217,1,1
217,2,1
217,3,1
217,4,1
217,5,1
218,1,1
218,2,1
218,3,1
218,4,1
218,5,1
219,1,1
219,2,1
219,2,1
219,3,1
219,4,1
219,5,1
219,5,1
219,5,1
220,3,1
220,5,1
221,1,1
221,2,1
221,2,1
221,3,1
221,4,1
221,5,1
221,5,1
222,1,1
222,2,1
222,2,1
222,2,1
222,2,1
222,3,1
222,4,1
222,5,1
223,1,1
223,2,1
223,2,1
223,3,1
223,4,1
223,5,1
223,5,1
224,1,1
224,2,1
224,2,1
224,2,1
224,3,1
224,4,1
224,4,1
224,4,1
224,5,1
224,5,1
225,1,1
225,1,1
225,1,1
225,2,1
225,2,1
225,2,1
225,2,1
225,3,1
225,3,1
225,3,1
225,3,1
225,4,1
225,4,1
225,4,1
225,4,1
225,5,1
225,5,1
225,5,1
226,1,1
226,2,1
226,2,1
226,2,1
226,3,1
226,4,1
226,4,1
226,4,1
226,4,1
226,5,1
226,5,1
226,5,1
226,5,1
227,1,1
227,2,1
227,2,1
227,3,1
227,4,1
227,4,1
227,4,1
227,5,1
227,5,1
228,1,1
228,2,1
228,3,1
228,4,1
228,5,1
229,1,1
229,2,1
229,2,1
229,2,1
229,2,1
229,3,1
229,4,1
229,5,1
229,5,1
229,5,1
230,1,1
230,2,1
230,3,1
230,4,1
230,5,1
230,5,1
231,1,1
231,2,1
231,2,1
231,2,1
231,2,1
231,3,1
231,4,1
231,5,1
231,5,1
231,5,1
232,1,1
232,2,1
232,3,1
232,4,1
232,5,1
233,1,1
233,2,1
233,3,1
233,4,1
233,5,1
234,1,1
234,2,1
234,3,1
234,4,1
234,5,1
234,5,1
235,1,1
235,2,1
235,3,1
235,4,1
235,5,1
236,1,1
236,2,1
236,3,1
236,4,1
236,4,1
236,5,1
237,1,1
237,2,1
237,2,1
237,3,1
237,4,1
237,5,1
238,1,1
238,2,1
238,2,1
238,2,1
238,2,1
238,3,1
238,4,1
238,5,1
238,5,1
238,5,1
239,1,1
239,2,1
239,3,1
239,4,1
239,5,1
240,1,1
240,2,1
240,2,1
240,3,1
240,3,1
240,3,1
240,3,1
240,4,1
240,4,1
240,5,1
240,5,1
240,5,1
241,1,1
241,2,1
241,2,1
241,2,1
241,3,1
241,4,1
241,4,1
241,5,1
241,5,1
242,1,1
242,2,1
242,3,1
242,4,1
242,5,1
243,1,1
243,1,1
243,1,1
243,2,1
243,2,1
243,2,1
243,2,1
243,2,1
243,3,1
243,3,1
243,4,1
243,4,1
243,5,1
243,5,1
243,5,1
243,5,1
243,5,1
244,1,1
244,2,1
244,2,1
244,3,1
244,4,1
244,5,1
244,5,1
245,1,1
245,2,1
245,2,1
245,3,1
245,4,1
245,4,1
245,5,1
246,2,1
247,1,1
247,1,1
247,2,1
247,3,1
247,3,1
247,4,1
247,5,1
247,5,1
247,5,1
248,1,1
248,2,1
248,2,1
248,3,1
248,4,1
248,5,1
248,5,1
249,1,1
249,1,1
249,1,1
249,2,1
249,2,1
249,3,1
249,3,1
249,4,1
249,4,1
249,5,1
249,5,1
250,1,1
250,2,1
250,2,1
250,3,1
250,4,1
250,5,1
250,5,1
251,1,1
251,1,1
251,1,1
251,2,1
251,3,1
251,3,1
251,3,1
251,5,1
251,5,1
252,2,1
252,5,1
252,5,1
252,5,1
253,2,1
253,5,1
253,5,1
254,1,1
254,2,1
254,3,1
254,4,1
254,5,1
255,2,1
256,1,1
256,2,1
256,3,1
256,4,1
256,5,1
257,1,1
257,2,1
257,3,1
257,4,1
257,5,1
258,1,1
258,2,1
258,3,1
258,4,1
258,5,1
259,1,1
259,2,1
259,3,1
259,4,1
259,5,1
260,1,1
260,2,1
260,3,1
260,4,1
260,5,1
261,1,1
261,2,1
261,3,1
261,4,1
261,5,1
262,1,1
262,2,1
262,3,1
262,4,1
262,5,1
263,1,1
263,2,1
263,2,1
263,3,1
263,4,1
263,5,1
263,5,1
264,1,1
264,2,1
264,3,1
264,4,1
264,5,1
265,1,1
265,2,1
265,3,1
265,4,1
265,5,1
266,1,1
266,2,1
266,2,1
266,3,1
266,4,1
266,4,1
266,5,1
266,5,1
267,1,1
267,2,1
267,3,1
267,4,1
267,5,1
268,1,1
268,2,1
268,3,1
268,4,1
268,5,1
269,1,1
269,2,1
269,3,1
269,4,1
269,5,1
270,1,1
270,2,1
270,3,1
270,4,1
270,5,1
271,1,1
271,2,1
271,3,1
271,4,1
271,5,1
272,1,1
272,2,1
272,3,1
272,4,1
272,5,1
272,5,1
273,1,1
273,2,1
273,3,1
273,4,1
273,5,1
274,1,1
274,2,1
274,3,1
274,4,1
274,5,1
275,1,1
275,2,1
275,3,1
275,4,1
275,5,1
276,1,1
276,2,1
276,3,1
276,4,1
276,5,1
277,1,1
277,1,1
277,2,1
277,2,1
277,3,1
277,3,1
277,4,1
277,5,1
277,5,1
278,1,1
278,2,1
278,3,1
278,4,1
278,5,1
279,1,1
279,2,1
279,3,1
279,4,1
279,5,1
279,5,1
280,1,1
280,2,1
280,2,1
280,2,1
280,3,1
280,3,1
280,4,1
280,4,1
280,5,1
280,5,1
281,1,1
281,1,1
281,2,1
281,3,1
281,4,1
281,5,1
282,1,1
282,2,1
282,3,1
282,4,1
282,4,1
282,5,1
282,5,1
283,1,1
283,2,1
283,2,1
283,2,1
283,3,1
283,3,1
283,3,1
283,4,1
283,4,1
283,5,1
283,5,1
284,1,1
284,2,1
284,2,1
284,3,1
284,4,1
284,5,1
284,5,1
285,1,1
285,2,1
285,3,1
285,3,1
285,4,1
285,4,1
285,5,1
285,5,1
286,1,1
286,2,1
286,2,1
286,3,1
286,4,1
286,5,1
286,5,1
287,1,1
287,2,1
287,2,1
287,2,1
287,3,1
287,3,1
287,3,1
287,4,1
287,4,1
287,5,1
287,5,1
288,1,1
288,2,1
288,2,1
288,2,1
288,3,1
288,4,1
288,4,1
288,5,1
288,5,1
289,1,1
289,2,1
289,2,1
289,3,1
289,4,1
289,4,1
289,4,1
289,5,1
289,5,1
290,1,1
290,2,1
290,3,1
290,4,1
290,5,1
290,5,1
291,1,1
291,2,1
291,3,1
291,4,1
291,4,1
291,5,1
291,5,1
292,1,1
292,2,1
292,2,1
292,2,1
292,2,1
292,3,1
292,3,1
292,4,1
292,5,1
292,5,1
293,1,1
293,2,1
293,2,1
293,3,1
293,4,1
293,4,1
293,5,1
293,5,1
294,1,1
294,2,1
294,3,1
294,4,1
294,5,1
295,1,1
295,2,1
295,2,1
295,2,1
295,3,1
295,3,1
295,3,1
295,4,1
295,4,1
295,4,1
295,4,1
295,5,1
295,5,1
296,1,1
296,2,1
296,2,1
296,3,1
296,4,1
296,4,1
296,5,1
296,5,1
297,1,1
297,2,1
297,3,1
297,4,1
297,5,1
298,1,1
298,2,1
298,2,1
298,2,1
298,3,1
298,3,1
298,4,1
298,4,1
298,5,1
298,5,1
299,1,1
299,2,1
299,2,1
299,2,1
299,3,1
299,4,1
299,4,1
299,4,1
299,5,1
299,5,1
299,5,1
300,1,1
300,1,1
300,2,1
300,2,1
300,3,1
300,4,1
300,5,1
300,5,1
301,1,1
301,1,1
301,1,1
301,2,1
301,2,1
301,2,1
301,3,1
301,3,1
301,4,1
301,4,1
301,4,1
301,5,1
301,5,1
301,5,1
302,1,1
302,2,1
302,2,1
302,3,1
302,4,1
302,4,1
302,5,1
302,5,1
303,1,1
303,2,1
303,2,1
303,2,1
303,2,1
303,2,1
303,3,1
303,4,1
303,4,1
303,5,1
303,5,1
304,1,1
304,2,1
304,2,1
304,2,1
304,3,1
304,4,1
304,4,1
304,4,1
304,5,1
304,5,1
305,1,1
305,2,1
305,2,1
305,3,1
305,4,1
305,4,1
305,5,1
305,5,1
306,1,1
306,1,1
306,2,1
306,3,1
306,4,1
306,5,1
306,5,1
307,1,1
307,2,1
307,3,1
307,4,1
307,5,1
307,5,1
308,1,1
308,2,1
308,3,1
308,4,1
308,5,1
308,5,1
309,1,1
309,2,1
309,3,1
309,4,1
309,5,1
309,5,1
310,1,1
310,2,1
310,2,1
310,2,1
310,2,1
310,2,1
310,3,1
310,3,1
310,4,1
310,4,1
310,4,1
310,4,1
310,5,1
310,5,1
311,1,1
311,2,1
311,2,1
311,2,1
311,2,1
311,3,1
311,4,1
311,4,1
311,5,1
312,2,1
312,3,1
312,4,1
312,5,1
313,1,1
313,4,1
313,5,1
314,1,1
314,2,1
314,4,1
314,5,1
315,1,1
315,2,1
315,3,1
315,4,1
315,5,1
315,5,1
316,1,1
316,2,1
316,3,1
316,4,1
316,5,1
317,1,1
317,2,1
317,2,1
317,2,1
317,2,1
317,2,1
317,3,1
317,4,1
317,4,1
317,4,1
317,4,1
317,5,1
317,5,1
318,1,1
318,2,1
318,4,1
318,5,1
319,1,1
319,2,1
319,3,1
319,4,1
319,5,1
320,1,1
320,2,1
320,3,1
320,4,1
320,5,1
321,4,1
322,1,1
322,2,1
322,3,1
322,4,1
322,5,1
322,5,1
323,1,1
323,2,1
323,4,1
323,5,1
324,1,1
324,2,1
324,3,1
324,4,1
324,5,1
325,1,1
325,2,1
325,3,1
325,4,1
325,5,1
325,5,1
326,1,1
326,2,1
326,3,1
326,4,1
326,5,1
327,1,1
327,2,1
327,2,1
327,3,1
327,4,1
327,5,1
328,1,1
328,2,1
328,3,1
328,4,1
328,5,1
328,5,1
329,2,1
329,3,1
329,4,1
329,5,1
330,1,1
330,2,1
330,3,1
330,4,1
330,4,1
330,5,1
331,1,1
331,2,1
331,3,1
331,4,1
331,5,1
331,5,1
332,1,1
332,2,1
332,3,1
332,4,1
332,5,1
332,5,1
333,1,1
333,2,1
333,3,1
333,4,1
333,4,1
333,4,1
333,5,1
334,1,1
334,1,1
334,1,1
334,2,1
334,3,1
334,3,1
334,3,1
334,4,1
334,5,1
335,1,1
335,2,1
335,3,1
335,4,1
335,5,1
336,1,1
336,2,1
336,3,1
336,4,1
336,5,1
336,5,1
337,1,1
337,2,1
337,3,1
337,4,1
337,5,1
337,5,1
338,1,1
338,2,1
338,2,1
338,2,1
338,2,1
338,3,1
338,4,1
338,4,1
338,4,1
338,4,1
338,5,1
338,5,1
338,5,1
339,1,1
339,2,1
339,2,1
339,2,1
339,3,1
339,3,1
339,4,1
339,4,1
339,5,1
339,5,1
340,1,1
340,2,1
340,3,1
340,4,1
340,5,1
341,1,1
341,2,1
341,2,1
341,3,1
341,3,1
341,4,1
341,5,1
342,1,1
342,2,1
342,3,1
342,4,1
342,5,1
343,1,1
343,2,1
343,2,1
343,2,1
343,3,1
343,4,1
343,5,1
343,5,1
344,1,1
344,2,1
344,2,1
344,3,1
344,4,1
344,5,1
344,5,1
345,1,1
345,1,1
345,2,1
345,2,1
345,2,1
345,3,1
345,4,1
345,5,1
345,5,1
346,1,1
346,1,1
346,1,1
346,1,1
346,2,1
346,3,1
346,3,1
346,4,1
346,5,1
347,1,1
347,2,1
347,3,1
347,4,1
347,5,1
348,1,1
348,2,1
348,3,1
348,4,1
348,5,1
349,1,1
349,2,1
349,3,1
349,4,1
349,5,1
350,1,1
350,2,1
350,3,1
350,4,1
350,5,1
351,1,1
351,1,1
351,1,1
351,2,1
351,3,1
351,4,1
351,5,1
352,1,1
352,2,1
352,3,1
352,4,1
352,5,1
353,1,1
353,2,1
353,2,1
353,3,1
353,4,1
353,4,1
353,5,1
354,1,1
354,2,1
354,3,1
354,4,1
354,5,1
355,1,1
355,2,1
355,3,1
355,4,1
355,4,1
355,5,1
356,1,1
356,2,1
356,2,1
356,3,1
356,4,1
356,5,1
356,5,1
357,1,1
357,2,1
357,2,1
357,2,1
357,3,1
357,4,1
357,5,1
358,1,1
358,2,1
358,2,1
358,2,1
358,3,1
358,3,1
358,4,1
358,4,1
358,5,1
359,1,1
359,2,1
359,2,1
359,2,1
359,2,1
359,3,1
359,4,1
359,4,1
359,5,1
359,5,1
360,1,1
360,2,1
360,3,1
360,4,1
360,5,1
361,1,1
361,2,1
361,2,1
361,2,1
361,3,1
361,4,1
361,4,1
361,5,1
361,5,1
361,5,1
361,5,1
362,1,1
362,2,1
362,2,1
362,2,1
362,3,1
362,4,1
362,4,1
362,4,1
362,5,1
363,1,1
363,2,1
363,2,1
363,3,1
363,3,1
363,4,1
363,5,1
364,1,1
364,2,1
364,3,1
364,4,1
364,5,1
365,1,1
365,2,1
365,2,1
365,2,1
365,3,1
365,4,1
365,5,1
366,1,1
366,2,1
366,2,1
366,3,1
366,3,1
366,4,1
366,4,1
366,5,1
366,5,1
367,1,1
367,2,1
367,2,1
367,3,1
367,4,1
367,4,1
367,5,1
367,5,1
368,1,1
368,2,1
368,3,1
368,4,1
368,5,1
369,1,1
369,2,1
369,3,1
369,4,1
369,5,1
370,1,1
370,2,1
370,2,1
370,3,1
370,4,1
370,5,1
371,1,1
371,2,1
371,3,1
371,4,1
371,5,1
372,1,1
372,2,1
372,2,1
372,3,1
372,4,1
372,5,1
372,5,1
373,1,1
373,2,1
373,2,1
373,2,1
373,3,1
373,4,1
373,4,1
373,4,1
373,5,1
373,5,1
374,1,1
374,2,1
374,2,1
374,2,1
374,2,1
374,2,1
374,3,1
374,4,1
374,5,1
374,5,1
374,5,1
375,1,1
375,2,1
375,2,1
375,3,1
375,4,1
375,5,1
375,5,1
376,1,1
376,2,1
376,2,1
376,3,1
376,4,1
376,5,1
377,1,1
377,2,1
377,3,1
377,4,1
377,5,1
378,1,1
378,2,1
378,2,1
378,2,1
378,2,1
378,2,1
378,3,1
378,4,1
378,4,1
378,4,1
378,5,1
378,5,1
379,1,1
379,2,1
379,2,1
379,3,1
379,4,1
379,4,1
379,5,1
379,5,1
379,5,1
380,1,1
380,2,1
380,2,1
380,3,1
380,4,1
380,4,1
380,5,1
380,5,1
381,1,1
381,2,1
381,3,1
381,4,1
381,5,1
382,1,1
382,2,1
382,2,1
382,2,1
382,3,1
382,4,1
382,5,1
383,1,1
383,2,1
383,3,1
383,4,1
383,5,1
384,1,1
384,2,1
384,2,1
384,3,1
384,4,1
384,5,1
385,1,1
385,1,1
385,1,1
385,2,1
385,3,1
385,3,1
385,4,1
385,5,1
386,1,1
386,2,1
386,3,1
386,4,1
386,5,1
387,1,1
387,2,1
387,2,1
387,2,1
387,3,1
387,3,1
387,4,1
387,4,1
387,5,1
388,1,1
388,2,1
388,3,1
388,4,1
388,5,1
388,5,1
389,1,1
389,2,1
389,3,1
389,4,1
389,5,1
390,1,1
390,2,1
390,3,1
390,4,1
390,5,1
391,1,1
391,2,1
391,3,1
391,4,1
391,5,1
392,1,1
392,2,1
392,3,1
392,4,1
392,5,1
393,1,1
393,2,1
393,3,1
393,4,1
393,5,1
394,1,1
394,2,1
394,3,1
394,4,1
394,5,1
395,5,1
396,1,1
396,2,1
396,2,1
396,2,1
396,3,1
396,3,1
396,4,1
396,4,1
396,5,1
396,5,1
397,1,1
397,2,1
397,2,1
397,2,1
397,3,1
397,4,1
397,4,1
397,4,1
397,5,1
397,5,1
398,1,1
398,1,1
398,2,1
398,2,1
398,3,1
398,3,1
398,4,1
398,5,1
398,5,1
399,5,1
400,1,1
400,2,1
400,2,1
400,2,1
400,2,1
400,3,1
400,4,1
400,5,1
400,5,1
400,5,1
400,5,1
401,1,1
401,2,1
401,3,1
401,4,1
401,5,1
402,1,1
402,2,1
402,3,1
402,4,1
402,5,1
403,1,1
403,2,1
403,3,1
403,4,1
403,5,1
404,1,1
404,1,1
404,1,1
404,2,1
404,2,1
404,2,1
404,2,1
404,3,1
404,3,1
404,4,1
404,4,1
404,5,1
404,5,1
405,1,1
405,2,1
405,3,1
405,4,1
405,5,1
406,1,1
406,2,1
406,2,1
406,3,1
406,4,1
406,4,1
406,5,1
407,1,1
407,2,1
407,3,1
407,4,1
407,5,1
408,1,1
408,2,1
408,3,1
408,4,1
408,5,1
409,1,1
409,2,1
409,3,1
409,4,1
409,5,1
410,1,1
410,2,1
410,3,1
410,4,1
410,5,1
411,1,1
411,2,1
411,3,1
411,4,1
411,5,1
412,1,1
412,2,1
412,3,1
412,4,1
412,5,1
413,1,1
413,2,1
413,3,1
413,4,1
414,1,1
414,2,1
414,2,1
414,2,1
414,3,1
414,4,1
414,5,1
415,1,1
415,2,1
415,3,1
415,4,1
415,5,1
416,1,1
416,2,1
416,2,1
416,3,1
416,4,1
416,4,1
416,5,1
417,1,1
417,2,1
417,3,1
417,4,1
417,5,1
418,1,1
418,2,1
418,3,1
418,4,1
418,5,1
418,5,1
419,1,1
419,2,1
419,3,1
419,4,1
419,5,1
420,1,1
420,2,1
420,3,1
420,4,1
420,5,1
421,1,1
421,2,1
421,2,1
421,3,1
421,4,1
421,4,1
421,5,1
421,5,1
422,1,1
422,2,1
422,3,1
422,4,1
422,5,1
422,5,1
422,5,1
423,1,1
423,2,1
423,3,1
423,4,1
423,5,1
424,1,1
424,2,1
424,3,1
424,4,1
424,5,1
425,1,1
425,2,1
425,3,1
425,4,1
425,5,1
426,2,1
426,3,1
426,5,1
427,1,1
427,2,1
427,3,1
427,5,1
428,3,1
429,1,1
429,2,1
429,3,1
429,4,1
429,5,1
430,1,1
430,2,1
430,3,1
430,4,1
430,5,1
431,3,1
432,1,1
432,2,1
432,3,1
432,4,1
432,5,1
433,1,1
433,2,1
433,3,1
433,4,1
434,1,1
434,2,1
434,3,1
434,4,1
434,5,1
435,1,1
435,2,1
435,4,1
436,1,1
436,2,1
436,2,1
436,3,1
436,4,1
437,1,1
437,2,1
437,2,1
437,3,1
437,4,1
437,4,1
437,5,1
437,5,1
437,5,1
438,1,1
438,2,1
438,3,1
438,4,1
438,5,1
439,1,1
439,2,1
439,2,1
439,2,1
439,2,1
439,2,1
439,3,1
439,4,1
439,4,1
439,4,1
439,5,1
439,5,1
439,5,1
440,1,1
440,2,1
440,3,1
440,4,1
440,5,1
441,1,1
441,2,1
441,3,1
441,4,1
441,5,1
442,1,1
442,2,1
442,3,1
442,4,1
442,5,1
443,1,1
443,2,1
443,3,1
443,4,1
443,5,1
444,1,1
444,1,1
444,2,1
444,2,1
444,3,1
444,4,1
444,4,1
444,4,1
444,5,1
444,5,1
445,1,1
445,2,1
445,3,1
445,4,1
445,5,1
446,1,1
446,1,1
446,2,1
446,2,1
446,3,1
446,3,1
446,4,1
446,5,1
447,1,1
447,2,1
447,2,1
447,2,1
447,3,1
447,4,1
447,5,1
447,5,1
448,2,1
448,2,1
448,4,1
449,1,1
449,2,1
449,3,1
449,4,1
449,5,1
450,1,1
450,2,1
450,3,1
450,4,1
450,5,1
451,1,1
451,2,1
451,2,1
451,3,1
451,4,1
451,4,1
451,5,1
451,5,1
451,5,1
452,1,1
452,2,1
452,2,1
452,3,1
452,3,1
452,3,1
452,4,1
452,5,1
453,1,1
453,2,1
453,3,1
453,4,1
453,5,1
454,1,1
454,2,1
454,3,1
454,4,1
454,5,1
455,1,1
455,2,1
455,3,1
455,4,1
455,5,1
456,1,1
456,2,1
456,2,1
456,3,1
456,4,1
456,4,1
456,4,1
456,5,1
457,1,1
457,1,1
457,1,1
457,2,1
457,2,1
457,3,1
457,3,1
457,3,1
457,4,1
457,4,1
457,5,1
458,1,1
458,2,1
458,3,1
458,4,1
458,5,1
458,5,1
458,5,1
459,1,1
459,2,1
459,3,1
459,4,1
459,5,1
460,1,1
460,2,1
460,2,1
460,2,1
460,2,1
460,2,1
460,3,1
460,4,1
460,5,1
460,5,1
460,5,1
460,5,1
461,1,1
461,2,1
461,2,1
461,2,1
461,3,1
461,4,1
461,4,1
461,5,1
462,1,1
462,2,1
462,3,1
462,4,1
462,5,1
463,1,1
463,2,1
463,3,1
463,4,1
463,5,1
464,1,1
464,2,1
464,2,1
464,2,1
464,3,1
464,4,1
464,4,1
464,4,1
464,5,1
464,5,1
464,5,1
465,1,1
465,2,1
465,3,1
465,4,1
465,5,1
466,1,1
466,2,1
466,3,1
466,4,1
466,5,1
467,1,1
467,2,1
467,3,1
467,4,1
467,5,1
468,1,1
468,2,1
468,3,1
468,4,1
468,5,1
469,1,1
469,2,1
469,2,1
469,3,1
469,4,1
469,4,1
469,5,1
469,5,1
470,2,1
471,5,1
472,1,1
472,1,1
472,2,1
472,2,1
472,2,1
472,3,1
472,4,1
472,4,1
472,5,1
473,1,1
473,2,1
473,3,1
473,4,1
473,5,1
474,1,1
474,2,1
474,3,1
474,4,1
474,5,1
475,1,1
475,1,1
475,2,1
475,2,1
475,2,1
475,2,1
475,3,1
475,4,1
475,4,1
475,5,1
475,5,1
475,5,1
476,1,1
476,2,1
476,3,1
476,4,1
476,5,1
477,1,1
477,2,1
477,2,1
477,2,1
477,3,1
477,4,1
477,4,1
477,5,1
478,1,1
478,2,1
478,3,1
478,4,1
478,5,1
479,1,1
479,1,1
479,1,1
479,2,1
479,2,1
479,2,1
479,2,1
479,2,1
479,3,1
479,4,1
479,4,1
479,4,1
479,5,1
480,1,1
480,2,1
480,3,1
480,4,1
480,5,1
481,1,1
481,2,1
481,3,1
481,4,1
481,5,1
482,1,1
482,2,1
482,3,1
482,4,1
482,5,1
483,1,1
483,2,1
483,3,1
483,4,1
483,5,1
484,1,1
484,2,1
484,2,1
484,3,1
484,3,1
484,4,1
484,5,1
484,5,1
485,1,1
485,2,1
485,3,1
485,4,1
485,4,1
485,4,1
485,5,1
486,1,1
486,2,1
486,2,1
486,2,1
486,2,1
486,3,1
486,4,1
486,4,1
486,5,1
486,5,1
487,1,1
487,1,1
487,1,1
487,2,1
487,2,1
487,2,1
487,3,1
487,3,1
487,4,1
487,4,1
487,5,1
487,5,1
488,1,1
488,2,1
488,3,1
488,4,1
488,5,1
489,1,1
489,2,1
489,3,1
489,4,1
489,4,1
489,5,1
490,1,1
490,2,1
490,2,1
490,2,1
490,3,1
490,4,1
490,5,1
491,1,1
491,2,1
491,3,1
491,4,1
491,4,1
491,5,1
492,1,1
492,1,1
492,1,1
492,2,1
492,2,1
492,2,1
492,3,1
492,4,1
492,4,1
492,4,1
492,5,1
493,1,1
493,2,1
493,2,1
493,2,1
493,3,1
493,4,1
493,4,1
493,5,1
494,1,1
494,2,1
494,2,1
494,2,1
494,2,1
494,3,1
494,4,1
494,4,1
494,5,1
495,1,1
495,2,1
495,3,1
495,4,1
495,5,1
496,1,1
496,2,1
496,3,1
496,4,1
496,5,1
497,1,1
497,1,1
497,2,1
497,2,1
497,3,1
497,3,1
497,4,1
497,5,1
497,5,1
497,5,1
498,1,1
498,2,1
498,3,1
498,4,1
498,5,1
499,1,1
499,2,1
499,3,1
499,4,1
499,5,1
500,1,1
500,2,1
500,2,1
500,3,1
500,4,1
500,5,1
501,1,1
501,2,1
501,3,1
501,4,1
501,5,1
502,1,1
502,2,1
502,2,1
502,3,1
502,4,1
502,4,1
502,5,1
503,1,1
503,2,1
503,3,1
503,4,1
503,5,1
504,1,1
504,2,1
504,3,1
504,4,1
504,5,1
505,1,1
505,2,1
505,3,1
505,4,1
505,5,1
506,1,1
506,2,1
506,2,1
506,3,1
506,4,1
506,5,1
507,1,1
507,2,1
507,3,1
507,4,1
507,5,1
508,1,1
508,2,1
508,2,1
508,2,1
508,2,1
508,3,1
508,4,1
508,4,1
508,4,1
508,5,1
508,5,1
509,1,1
509,2,1
509,3,1
509,4,1
509,5,1
510,1,1
510,2,1
510,2,1
510,3,1
510,4,1
510,5,1
511,1,1
511,2,1
511,3,1
511,4,1
511,5,1
512,1,1
512,2,1
512,2,1
512,2,1
512,3,1
512,4,1
512,5,1
513,1,1
513,2,1
513,3,1
513,4,1
513,5,1
514,1,1
514,2,1
514,3,1
514,4,1
514,5,1
515,1,1
515,2,1
515,2,1
515,3,1
515,4,1
515,4,1
515,5,1
516,2,1
516,4,1
516,5,1
517,1,1
517,2,1
517,2,1
517,2,1
517,2,1
517,3,1
517,4,1
517,4,1
517,5,1
517,5,1
517,5,1
518,1,1
518,2,1
518,3,1
518,4,1
518,5,1
519,1,1
519,2,1
519,3,1
519,4,1
519,5,1
520,1,1
520,2,1
520,2,1
520,3,1
520,4,1
520,5,1
521,1,1
521,2,1
521,3,1
521,4,1
521,5,1
522,1,1
522,1,1
522,1,1
522,1,1
522,2,1
522,2,1
522,2,1
522,3,1
522,3,1
522,4,1
522,4,1
522,5,1
522,5,1
522,5,1
523,1,1
523,2,1
523,3,1
523,4,1
523,5,1
524,1,1
524,2,1
524,3,1
524,4,1
524,4,1
524,5,1
525,1,1
525,2,1
525,3,1
525,4,1
525,5,1
526,1,1
526,2,1
526,3,1
526,4,1
526,5,1
527,1,1
527,2,1
527,3,1
527,4,1
527,5,1
528,1,1
528,2,1
528,3,1
528,4,1
528,5,1
529,1,1
529,2,1
529,3,1
529,4,1
529,5,1
530,1,1
530,2,1
530,3,1
530,4,1
530,5,1
531,1,1
531,2,1
531,2,1
531,3,1
531,4,1
531,4,1
531,5,1
531,5,1
532,1,1
532,2,1
532,3,1
532,4,1
532,5,1
533,2,1
534,4,1
535,5,1
536,4,1
537,1,1
537,2,1
537,3,1
537,4,1
537,5,1
538,1,1
538,2,1
538,3,1
538,4,1
538,5,1
539,1,1
539,2,1
539,2,1
539,2,1
539,3,1
539,4,1
539,5,1
540,1,1
540,2,1
540,3,1
540,4,1
540,5,1
540,5,1
541,1,1
541,2,1
541,3,1
541,4,1
541,5,1
542,1,1
542,2,1
542,3,1
542,4,1
542,5,1
543,1,1
543,2,1
543,3,1
543,4,1
543,5,1
544,1,1
544,1,1
544,2,1
544,3,1
544,4,1
544,5,1
545,1,1
545,2,1
545,2,1
545,3,1
545,4,1
545,5,1
546,1,1
546,2,1
546,2,1
546,3,1
546,4,1
546,5,1
547,1,1
547,2,1
547,2,1
547,3,1
547,4,1
547,4,1
547,5,1
547,5,1
548,1,1
548,2,1
548,3,1
548,4,1
548,5,1
549,1,1
549,2,1
549,3,1
549,4,1
549,5,1
550,1,1
550,2,1
550,3,1
550,4,1
550,5,1
551,1,1
551,2,1
551,3,1
551,4,1
551,5,1
552,1,1
552,2,1
552,2,1
552,3,1
552,4,1
552,5,1
552,5,1
553,1,1
553,1,1
553,2,1
553,3,1
553,4,1
553,5,1
554,1,1
554,2,1
554,3,1
554,4,1
554,5,1
555,1,1
555,2,1
555,3,1
555,4,1
555,5,1
556,1,1
556,2,1
556,3,1
556,4,1
556,5,1
557,1,1
557,2,1
557,3,1
557,4,1
557,5,1
558,1,1
558,2,1
558,3,1
558,3,1
558,4,1
558,5,1
558,5,1
559,1,1
559,2,1
559,2,1
559,3,1
559,4,1
559,5,1
560,1,1
560,2,1
560,3,1
560,4,1
560,5,1
561,1,1
561,2,1
561,3,1
561,4,1
561,5,1
562,1,1
562,2,1
562,3,1
562,4,1
562,5,1
563,1,1
563,2,1
563,3,1
563,4,1
563,5,1
564,1,1
564,2,1
564,3,1
564,4,1
564,5,1
565,1,1
565,2,1
565,3,1
565,4,1
565,5,1
566,1,1
566,2,1
566,3,1
566,4,1
566,5,1
567,1,1
567,2,1
567,2,1
567,3,1
567,4,1
567,5,1
567,5,1
568,1,1
568,2,1
568,3,1
568,4,1
568,5,1
569,1,1
569,2,1
569,3,1
569,4,1
569,5,1
570,1,1
570,2,1
570,3,1
570,4,1
570,5,1
571,1,1
571,2,1
571,3,1
571,4,1
571,5,1
572,1,1
572,2,1
572,4,1
572,5,1
573,1,1
573,2,1
573,3,1
573,4,1
573,5,1
574,1,1
574,2,1
574,3,1
574,4,1
574,5,1
575,1,1
575,2,1
575,4,1
575,5,1
576,1,1
576,2,1
576,3,1
576,4,1
576,5,1
577,1,1
577,2,1
577,3,1
577,4,1
577,5,1
578,2,1
578,4,1
579,1,1
579,2,1
579,3,1
579,4,1
579,5,1
580,2,1
580,3,1
580,4,1
581,1,1
581,2,1
581,2,1
581,2,1
581,3,1
581,4,1
581,4,1
581,5,1
581,5,1
582,1,1
582,2,1
582,3,1
582,4,1
582,5,1
583,1,1
583,2,1
583,3,1
583,4,1
583,5,1
584,1,1
584,2,1
584,2,1
584,3,1
584,4,1
584,4,1
584,5,1
584,5,1
585,1,1
585,2,1
585,3,1
585,4,1
585,5,1
586,1,1
586,2,1
586,3,1
586,4,1
586,4,1
586,5,1
587,1,1
587,2,1
587,3,1
587,4,1
587,5,1
588,1,1
588,2,1
588,2,1
588,3,1
588,4,1
588,5,1
588,5,1
589,1,1
589,1,1
589,2,1
589,2,1
589,3,1
589,4,1
589,5,1
589,5,1
590,1,1
590,2,1
590,3,1
590,4,1
590,5,1
591,1,1
591,2,1
591,3,1
591,4,1
591,5,1
592,1,1
592,2,1
592,3,1
592,4,1
592,5,1
593,1,1
593,1,1
593,2,1
593,2,1
593,3,1
593,4,1
593,5,1
594,1,1
594,2,1
594,2,1
594,2,1
594,3,1
594,3,1
594,3,1
594,4,1
594,5,1
594,5,1
594,5,1
595,1,1
595,2,1
595,4,1
595,5,1
596,1,1
596,2,1
596,3,1
596,4,1
596,5,1
597,1,1
597,1,1
597,2,1
597,3,1
597,4,1
597,5,1
598,1,1
598,2,1
598,3,1
598,4,1
598,5,1
599,1,1
599,2,1
599,3,1
599,4,1
599,5,1
600,1,1
600,1,1
600,1,1
600,2,1
600,2,1
600,2,1
600,2,1
600,3,1
600,4,1
600,4,1
600,5,1
600,5,1
601,1,1
601,2,1
601,3,1
601,4,1
601,5,1
602,1,1
602,1,1
602,2,1
602,2,1
602,3,1
602,4,1
602,5,1
602,5,1
603,1,1
603,2,1
603,3,1
603,4,1
603,5,1
604,1,1
604,2,1
604,2,1
604,3,1
604,4,1
604,5,1
604,5,1
605,1,1
605,2,1
605,3,1
605,4,1
605,5,1
606,1,1
606,2,1
606,2,1
606,3,1
606,4,1
606,5,1
607,1,1
607,2,1
607,2,1
607,2,1
607,3,1
607,4,1
607,4,1
607,5,1
607,5,1
608,1,1
608,2,1
608,3,1
608,4,1
608,5,1
609,1,1
609,2,1
609,2,1
609,3,1
609,4,1
609,4,1
609,5,1
609,5,1
610,1,1
610,2,1
610,2,1
610,3,1
610,3,1
610,4,1
610,5,1
611,5,1
612,5,1
613,2,1
614,5,1
615,2,1
616,2,1
617,1,1
617,2,1
617,3,1
617,4,1
617,5,1
618,1,1
618,2,1
618,3,1
618,4,1
618,5,1
619,1,1
619,2,1
619,3,1
619,4,1
619,5,1
620,1,1
620,2,1
620,2,1
620,2,1
620,3,1
620,4,1
620,5,1
620,5,1
621,1,1
621,2,1
621,2,1
621,3,1
621,4,1
621,5,1
622,1,1
622,2,1
622,3,1
622,4,1
622,5,1
623,1,1
623,2,1
623,3,1
623,4,1
623,5,1
624,1,1
624,2,1
624,3,1
624,4,1
624,5,1
625,1,1
625,2,1
625,3,1
625,4,1
625,5,1
626,1,1
626,2,1
626,2,1
626,2,1
626,3,1
626,4,1
626,5,1
627,1,1
627,2,1
627,3,1
627,4,1
627,4,1
627,5,1
627,5,1
628,1,1
628,2,1
628,3,1
628,4,1
628,5,1
629,1,1
629,2,1
629,3,1
629,4,1
629,5,1
630,1,1
630,2,1
630,3,1
630,4,1
630,5,1
631,1,1
631,2,1
631,3,1
631,4,1
631,4,1
631,5,1
632,1,1
632,2,1
632,3,1
632,4,1
632,5,1
633,1,1
633,2,1
633,3,1
633,4,1
633,5,1
634,1,1
634,3,1
634,4,1
634,5,1
635,1,1
635,2,1
635,2,1
635,3,1
635,4,1
635,5,1
635,5,1
636,1,1
636,2,1
636,3,1
636,4,1
636,5,1
637,1,1
637,2,1
637,3,1
637,4,1
637,5,1
638,1,1
638,2,1
638,3,1
638,4,1
638,5,1
639,1,1
639,2,1
639,2,1
639,2,1
639,3,1
639,4,1
639,4,1
639,5,1
639,5,1
639,5,1
640,1,1
640,2,1
640,2,1
640,3,1
640,4,1
640,5,1
641,1,1
641,2,1
641,2,1
641,3,1
641,4,1
641,4,1
641,5,1
642,1,1
642,2,1
642,3,1
642,4,1
642,5,1
643,1,1
643,2,1
643,3,1
643,4,1
643,5,1
644,1,1
644,2,1
644,2,1
644,2,1
644,3,1
644,4,1
644,4,1
644,5,1
644,5,1
645,1,1
645,2,1
645,3,1
645,4,1
645,5,1
646,1,1
646,2,1
646,2,1
646,3,1
646,4,1
646,4,1
646,5,1
647,3,1
648,1,1
648,2,1
648,3,1
648,4,1
648,4,1
648,5,1
648,5,1
649,1,1
649,2,1
649,3,1
649,4,1
649,5,1
650,1,1
650,2,1
650,2,1
650,3,1
650,3,1
650,4,1
650,4,1
650,5,1
651,1,1
651,2,1
651,3,1
651,4,1
651,5,1
652,1,1
652,2,1
652,2,1
652,3,1
652,4,1
652,4,1
652,5,1
653,1,1
653,2,1
653,3,1
653,4,1
653,5,1
654,1,1
654,2,1
654,3,1
654,4,1
654,5,1
655,1,1
655,2,1
655,3,1
655,4,1
655,5,1
656,1,1
656,2,1
656,2,1
656,2,1
656,3,1
656,4,1
656,5,1
656,5,1
657,1,1
657,2,1
657,3,1
657,4,1
657,5,1
658,1,1
658,2,1
658,2,1
658,3,1
658,3,1
658,4,1
658,4,1
658,5,1
659,1,1
659,2,1
659,3,1
659,4,1
659,5,1
660,1,1
660,2,1
660,3,1
660,4,1
660,5,1
661,1,1
661,2,1
661,3,1
661,4,1
661,5,1
662,1,1
662,2,1
662,3,1
662,4,1
662,5,1
663,1,1
663,2,1
663,3,1
663,4,1
663,5,1
664,1,1
664,2,1
664,3,1
664,4,1
664,5,1
665,1,1
665,2,1
665,3,1
665,4,1
665,5,1
666,1,1
666,2,1
666,3,1
666,4,1
666,5,1
667,1,1
667,2,1
667,3,1
667,4,1
667,5,1
668,1,1
668,2,1
668,3,1
668,4,1
668,5,1
669,1,1
669,2,1
669,2,1
669,2,1
669,3,1
669,3,1
669,4,1
669,5,1
669,5,1
670,1,1
670,2,1
670,3,1
670,4,1
670,5,1
671,1,1
671,2,1
671,3,1
671,3,1
671,4,1
671,5,1
671,5,1
671,5,1
672,1,1
672,2,1
672,2,1
672,3,1
672,3,1
672,4,1
672,5,1
672,5,1
673,1,1
673,1,1
673,2,1
673,2,1
673,2,1
673,3,1
673,4,1
673,4,1
673,5,1
673,5,1
674,1,1
674,2,1
674,3,1
674,4,1
674,5,1
675,1,1
675,2,1
675,3,1
675,4,1
675,5,1
676,1,1
676,2,1
676,2,1
676,2,1
676,3,1
676,3,1
676,3,1
676,4,1
676,4,1
676,5,1
676,5,1
677,1,1
677,2,1
677,2,1
677,3,1
677,4,1
677,5,1
678,1,1
678,2,1
678,3,1
678,4,1
678,5,1
679,1,1
679,2,1
679,2,1
679,3,1
679,4,1
679,5,1
680,1,1
680,2,1
680,3,1
680,4,1
680,5,1
681,1,1
681,2,1
681,2,1
681,3,1
681,4,1
681,4,1
681,5,1
681,5,1
682,1,1
682,2,1
682,2,1
682,2,1
682,3,1
682,4,1
682,4,1
682,5,1
682,5,1
683,1,1
683,2,1
683,2,1
683,3,1
683,3,1
683,3,1
683,4,1
683,5,1
683,5,1
684,1,1
684,2,1
684,2,1
684,2,1
684,3,1
684,3,1
684,4,1
684,5,1
685,1,1
685,2,1
685,3,1
685,4,1
685,5,1
686,1,1
686,2,1
686,3,1
686,4,1
686,5,1
687,1,1
687,2,1
687,3,1
687,4,1
687,5,1
688,1,1
688,2,1
688,3,1
688,4,1
688,5,1
689,1,1
689,2,1
689,3,1
689,4,1
689,5,1
690,1,1
690,2,1
690,3,1
690,4,1
690,5,1
691,1,1
691,2,1
691,3,1
691,4,1
691,5,1
692,1,1
692,2,1
692,3,1
692,4,1
692,5,1
693,1,1
693,2,1
693,3,1
693,4,1
693,5,1
694,1,1
694,2,1
694,3,1
694,4,1
694,5,1
695,1,1
695,2,1
695,3,1
695,4,1
695,5,1
696,1,1
696,2,1
696,3,1
696,4,1
696,5,1
697,1,1
697,2,1
697,3,1
697,4,1
697,5,1
698,1,1
698,2,1
698,3,1
698,4,1
698,5,1
699,1,1
699,2,1
699,3,1
699,4,1
699,5,1
700,1,1
700,2,1
700,3,1
700,4,1
700,5,1
701,1,1
701,2,1
701,3,1
701,4,1
701,5,1
702,1,1
702,2,1
702,3,1
702,4,1
702,5,1
703,1,1
703,2,1
703,3,1
703,4,1
703,5,1
704,1,1
704,1,1
704,2,1
704,2,1
704,3,1
704,4,1
704,5,1
705,1,1
705,2,1
705,3,1
705,4,1
705,5,1
706,1,1
706,2,1
706,3,1
706,4,1
706,5,1
707,1,1
707,2,1
707,3,1
707,4,1
707,5,1
708,1,1
708,2,1
708,3,1
708,4,1
708,5,1
709,1,1
709,2,1
709,3,1
709,4,1
709,5,1
710,1,1
710,2,1
710,3,1
710,4,1
710,5,1
711,1,1
711,2,1
711,3,1
711,4,1
711,5,1
712,1,1
712,2,1
712,3,1
712,4,1
712,5,1
713,1,1
713,2,1
713,3,1
713,4,1
713,5,1
714,1,1
714,2,1
714,3,1
714,4,1
714,5,1
715,1,1
715,2,1
715,3,1
715,4,1
715,5,1
716,1,1
716,2,1
716,3,1
716,4,1
716,5,1
717,1,1
717,2,1
717,3,1
717,4,1
717,5,1
718,1,1
718,2,1
718,3,1
718,4,1
718,5,1
719,1,1
719,1,1
719,2,1
719,3,1
719,4,1
719,5,1
719,5,1
720,1,1
720,1,1
720,2,1
720,2,1
720,3,1
720,3,1
720,4,1
720,5,1
720,5,1
721,1,1
721,2,1
721,3,1
721,3,1
721,4,1
721,5,1
721,5,1
722,1,1
722,2,1
722,2,1
722,3,1
722,4,1
722,5,1
723,1,1
723,2,1
723,3,1
723,4,1
723,5,1
724,1,1
724,2,1
724,3,1
724,4,1
724,5,1
725,1,1
725,2,1
725,2,1
725,3,1
725,4,1
725,5,1
726,1,1
726,2,1
726,3,1
726,4,1
726,5,1
727,1,1
727,2,1
727,3,1
727,4,1
727,5,1
728,2,1
728,5,1
729,1,1
729,2,1
729,3,1
729,4,1
729,5,1
730,1,1
730,2,1
730,3,1
730,4,1
730,5,1
731,1,1
731,2,1
731,3,1
731,4,1
731,5,1
732,1,1
732,2,1
732,2,1
732,3,1
732,4,1
732,5,1
732,5,1
733,1,1
733,2,1
733,2,1
733,3,1
733,4,1
733,5,1
734,1,1
734,2,1
734,3,1
734,4,1
734,5,1
735,1,1
735,2,1
735,3,1
735,4,1
735,5,1
736,1,1
736,2,1
736,3,1
736,4,1
736,5,1
737,1,1
737,2,1
737,3,1
737,4,1
737,5,1
738,1,1
738,2,1
738,2,1
738,3,1
738,4,1
738,5,1
738,5,1
739,1,1
739,2,1
739,3,1
739,4,1
739,5,1
740,1,1
740,2,1
740,3,1
740,4,1
740,5,1
741,1,1
741,2,1
741,3,1
741,4,1
741,5,1
742,1,1
742,2,1
742,4,1
742,5,1
743,1,1
743,2,1
743,3,1
743,5,1
744,1,1
744,2,1
744,3,1
744,4,1
744,5,1
745,1,1
745,2,1
745,3,1
745,4,1
745,5,1
746,1,1
746,2,1
746,2,1
746,3,1
746,4,1
746,5,1
746,5,1
747,1,1
747,1,1
747,2,1
747,3,1
747,3,1
747,4,1
747,5,1
747,5,1
748,1,1
748,2,1
748,3,1
748,5,1
749,2,1
749,3,1
749,4,1
749,4,1
749,5,1
750,1,1
750,2,1
750,3,1
750,3,1
750,4,1
750,5,1
751,1,1
751,2,1
751,3,1
751,4,1
751,4,1
751,5,1
752,1,1
753,2,1
753,4,1
753,5,1
754,2,1
754,3,1
754,4,1
754,5,1
755,1,1
755,1,1
755,2,1
755,2,1
755,3,1
755,3,1
755,4,1
756,2,1
756,4,1
757,2,1
757,4,1
758,1,1
758,3,1
758,5,1
759,1,1
759,2,1
759,3,1
759,4,1
759,4,1
759,5,1
760,1,1
760,2,1
761,1,1
761,2,1
761,3,1
761,5,1
762,1,1
762,2,1
762,3,1
762,4,1
762,5,1
763,5,1
764,2,1
765,1,1
765,2,1
765,3,1
765,4,1
765,5,1
766,1,1
766,2,1
766,3,1
766,4,1
766,5,1
767,1,1
767,2,1
767,3,1
767,4,1
767,5,1
768,1,1
768,2,1
768,3,1
768,4,1
768,5,1
769,1,1
769,2,1
769,3,1
769,4,1
769,5,1
770,1,1
770,2,1
770,3,1
770,4,1
770,5,1
771,1,1
771,2,1
771,3,1
771,4,1
771,5,1
772,1,1
772,2,1
772,3,1
772,4,1
772,5,1
773,1,1
773,2,1
773,3,1
773,4,1
773,5,1
774,1,1
774,2,1
774,3,1
774,4,1
774,5,1
775,1,1
775,2,1
775,3,1
775,4,1
775,5,1
776,1,1
776,2,1
776,3,1
776,4,1
776,5,1
777,1,1
777,2,1
777,3,1
777,4,1
777,5,1
778,1,1
778,2,1
778,3,1
778,4,1
778,5,1
779,1,1
779,2,1
779,3,1
779,4,1
779,5,1
780,1,1
780,2,1
780,3,1
780,4,1
780,5,1
781,1,1
781,2,1
781,3,1
781,4,1
781,5,1
782,1,1
782,2,1
782,3,1
782,4,1
782,5,1
783,1,1
783,2,1
783,3,1
783,4,1
783,5,1
784,1,1
784,2,1
784,3,1
784,4,1
784,5,1
785,1,1
785,2,1
785,3,1
785,4,1
785,5,1
786,1,1
786,2,1
786,3,1
786,4,1
786,5,1
787,1,1
787,2,1
787,3,1
787,4,1
787,5,1
788,1,1
788,2,1
788,3,1
788,4,1
788,5,1
789,1,1
789,2,1
789,3,1
789,4,1
789,5,1
790,1,1
790,2,1
790,3,1
790,4,1
790,5,1
791,1,1
791,2,1
791,3,1
791,4,1
791,5,1
792,1,1
792,2,1
792,3,1
792,4,1
792,5,1
793,1,1
793,2,1
793,3,1
793,4,1
793,5,1
794,1,1
794,2,1
794,3,1
794,4,1
794,5,1
795,1,1
795,2,1
795,3,1
795,4,1
795,5,1
796,1,1
796,2,1
796,3,1
796,4,1
796,5,1
797,1,1
797,2,1
797,3,1
797,4,1
797,5,1
798,1,1
798,2,1
798,3,1
798,4,1
798,5,1
799,1,1
799,2,1
799,3,1
799,4,1
799,5,1
800,1,1
800,2,1
800,3,1
800,4,1
800,5,1
801,1,1
801,2,1
801,3,1
801,4,1
801,5,1
802,1,1
802,2,1
802,4,1
802,5,1
803,1,1
803,2,1
803,3,1
803,4,1
803,5,1
804,1,1
804,2,1
804,3,1
804,4,1
804,5,1
805,1,1
805,2,1
805,3,1
805,4,1
805,5,1
806,1,1
806,2,1
806,3,1
806,4,1
806,5,1
807,1,1
807,2,1
807,3,1
807,4,1
807,5,1
808,1,1
808,2,1
808,3,1
808,4,1
808,5,1
809,1,1
809,2,1
809,3,1
809,4,1
809,5,1
810,1,1
810,2,1
810,3,1
810,4,1
810,5,1
811,1,1
811,2,1
811,3,1
811,4,1
811,5,1
812,1,1
812,2,1
812,3,1
812,4,1
812,5,1
813,1,1
813,2,1
813,3,1
813,4,1
813,5,1
814,1,1
814,2,1
814,3,1
814,4,1
814,5,1
815,1,1
815,2,1
815,3,1
815,4,1
815,5,1
816,1,1
816,2,1
816,3,1
816,4,1
816,5,1
817,1,1
817,2,1
817,3,1
817,4,1
817,5,1
818,1,1
818,2,1
818,3,1
818,4,1
818,5,1
819,1,1
819,2,1
819,3,1
819,4,1
819,5,1
820,1,1
820,2,1
820,3,1
820,4,1
820,5,1
821,1,1
821,2,1
821,3,1
821,4,1
821,5,1
822,1,1
822,2,1
822,3,1
822,4,1
822,5,1
823,1,1
823,2,1
823,3,1
823,4,1
823,5,1
824,1,1
824,2,1
824,3,1
824,4,1
824,5,1
825,1,1
825,2,1
825,3,1
825,4,1
825,5,1
826,1,1
826,2,1
826,3,1
826,4,1
826,5,1
827,1,1
827,2,1
827,3,1
827,4,1
827,5,1
828,2,1
829,1,1
830,2,1
831,1,1
